GEOID,total_applications,approvals,approval_rate,denial_rate,minority_pct
11001000101,18,18,1.0,0.0,25.04
11001000102,46,42,0.9130434782608696,0.0869565217391304,20.66
11001000202,37,35,0.945945945945946,0.054054054054054,25.26
11001000300,63,60,0.9523809523809524,0.0476190476190476,26.42
11001000400,14,13,0.9285714285714286,0.0714285714285714,26.11
11001000501,22,20,0.9090909090909092,0.0909090909090909,31.47
11001000502,42,41,0.9761904761904762,0.0238095238095238,26.04
11001000600,62,59,0.9516129032258064,0.0483870967741935,25.32
11001000702,37,37,1.0,0.0,39.77
11001000703,27,24,0.8888888888888888,0.1111111111111111,29.88
11001000704,15,14,0.9333333333333332,0.0666666666666666,38.29
11001000802,42,39,0.9285714285714286,0.0714285714285714,34.54
11001000803,42,42,1.0,0.0,31.66
11001000804,44,42,0.9545454545454546,0.0454545454545454,27.61
11001000902,28,27,0.9642857142857144,0.0357142857142857,21.19
11001000904,40,38,0.95,0.05,20.3
11001001002,44,37,0.8409090909090909,0.159090909090909,34.83
11001001003,25,24,0.96,0.04,21.47
11001001004,35,33,0.9428571428571428,0.0571428571428571,28.08
11001001100,67,59,0.8805970149253731,0.1194029850746268,30.06
11001001200,42,37,0.8809523809523809,0.119047619047619,30.7
11001001301,19,18,0.9473684210526316,0.0526315789473684,39.69
11001001303,46,43,0.9347826086956522,0.0652173913043477,35.24
11001001304,37,34,0.918918918918919,0.081081081081081,27.9
11001001401,21,21,1.0,0.0,28.21
11001001402,37,35,0.945945945945946,0.054054054054054,32.98
11001001500,43,43,1.0,0.0,25.24
11001001600,79,67,0.8481012658227848,0.1518987341772152,71.42
11001001702,32,28,0.875,0.125,64.69
11001001804,16,15,0.9375,0.0625,92.58
11001001901,51,41,0.803921568627451,0.196078431372549,80.98
11001001902,24,22,0.9166666666666666,0.0833333333333333,79.55
11001002001,21,20,0.9523809523809524,0.0476190476190476,79.94
11001002002,54,51,0.9444444444444444,0.0555555555555555,74.63
11001002101,82,70,0.8536585365853658,0.1463414634146341,84.44
11001002102,62,55,0.8870967741935484,0.1129032258064516,84.21
11001002201,37,34,0.918918918918919,0.081081081081081,75.21
11001002202,57,52,0.912280701754386,0.087719298245614,83.59
11001002301,44,44,1.0,0.0,70.73
11001002400,68,65,0.9558823529411764,0.0441176470588234,64.47
11001002501,31,27,0.8709677419354839,0.1290322580645161,70.42
11001002503,34,33,0.9705882352941176,0.0294117647058823,65.56
11001002504,47,38,0.8085106382978723,0.1914893617021277,70.62
11001002600,21,20,0.9523809523809524,0.0476190476190476,60.76
11001002702,47,45,0.9574468085106383,0.0425531914893616,47.64
11001002703,23,23,1.0,0.0,50.19
11001002801,16,15,0.9375,0.0625,73.12
11001002802,26,26,1.0,0.0,71.5
11001002900,65,55,0.8461538461538461,0.1538461538461538,58.56
11001003000,24,19,0.7916666666666666,0.2083333333333333,61.67
11001003100,46,40,0.8695652173913043,0.1304347826086956,60.47
11001003200,103,93,0.9029126213592232,0.0970873786407766,69.09
11001003301,50,47,0.94,0.06,50.24
11001003302,36,33,0.9166666666666666,0.0833333333333333,48.85
11001003400,24,20,0.8333333333333334,0.1666666666666666,61.39
11001003500,21,20,0.9523809523809524,0.0476190476190476,58.8
11001003600,40,38,0.95,0.05,56.21
11001003701,57,55,0.9649122807017544,0.0350877192982456,54.39
11001003702,23,22,0.9565217391304348,0.0434782608695651,68.41
11001003801,43,42,0.9767441860465116,0.0232558139534884,36.33
11001003802,33,33,1.0,0.0,49.4
11001003901,10,7,0.7,0.3,39.8
11001003902,47,46,0.9787234042553192,0.0212765957446808,30.76
11001004001,62,59,0.9516129032258064,0.0483870967741935,24.84
11001004002,52,52,1.0,0.0,27.86
11001004100,36,33,0.9166666666666666,0.0833333333333333,27.72
11001004201,48,47,0.9791666666666666,0.0208333333333333,26.8
11001004202,34,29,0.8529411764705882,0.1470588235294118,27.37
11001004300,45,44,0.9777777777777776,0.0222222222222222,40.04
11001004401,81,76,0.9382716049382716,0.0617283950617284,34.64
11001004402,31,28,0.9032258064516128,0.0967741935483871,39.35
11001004600,53,46,0.8679245283018868,0.1320754716981131,60.54
11001004702,30,30,1.0,0.0,44.51
11001004703,17,17,1.0,0.0,53.74
11001004801,38,34,0.8947368421052632,0.1052631578947368,46.31
11001004802,26,23,0.8846153846153846,0.1153846153846154,66.59
11001004901,19,18,0.9473684210526316,0.0526315789473684,51.3
11001004902,36,32,0.8888888888888888,0.1111111111111111,52.07
11001005001,35,32,0.9142857142857144,0.0857142857142857,29.92
11001005003,22,20,0.9090909090909092,0.0909090909090909,41.62
11001005004,48,46,0.9583333333333334,0.0416666666666666,58.46
11001005202,80,73,0.9125,0.0875,32.89
11001005203,21,20,0.9523809523809524,0.0476190476190476,38.1
11001005302,40,38,0.95,0.05,26.25
11001005303,47,45,0.9574468085106383,0.0425531914893616,36.33
11001005501,33,32,0.9696969696969696,0.0303030303030302,33.35
11001005502,29,25,0.8620689655172413,0.1379310344827586,33.39
11001005503,23,22,0.9565217391304348,0.0434782608695651,28.21
11001005601,33,30,0.9090909090909092,0.0909090909090909,40.41
11001005602,32,30,0.9375,0.0625,38.93
11001005801,38,30,0.7894736842105263,0.2105263157894736,44.74
11001005802,21,15,0.7142857142857143,0.2857142857142857,40.23
11001005900,17,16,0.9411764705882352,0.0588235294117647,41.5
11001006500,25,23,0.92,0.0799999999999999,21.23
11001006600,22,21,0.9545454545454546,0.0454545454545454,19.87
11001006700,33,30,0.9090909090909092,0.0909090909090909,23.63
11001006801,36,35,0.9722222222222222,0.0277777777777777,48.26
11001006802,39,37,0.9487179487179488,0.0512820512820513,42.21
11001006900,49,47,0.9591836734693876,0.0408163265306122,34.41
11001007000,25,25,1.0,0.0,30.59
11001007100,50,47,0.94,0.06,58.58
11001007201,30,27,0.9,0.0999999999999999,36.92
11001007202,19,19,1.0,0.0,27.19
11001007203,17,16,0.9411764705882352,0.0588235294117647,40.64
11001007304,13,12,0.9230769230769232,0.0769230769230768,97.91
11001007404,21,16,0.7619047619047619,0.2380952380952381,99.18
11001007406,23,16,0.6956521739130435,0.3043478260869565,99.43
11001007407,34,28,0.8235294117647058,0.1764705882352941,96.65
11001007409,10,8,0.8,0.1999999999999999,99.19
11001007502,14,13,0.9285714285714286,0.0714285714285714,98.68
11001007503,16,14,0.875,0.125,95.21
11001007504,19,19,1.0,0.0,97.22
11001007601,50,41,0.82,0.18,94.74
11001007603,43,31,0.7209302325581395,0.2790697674418605,94.07
11001007604,28,19,0.6785714285714286,0.3214285714285714,94.5
11001007605,19,18,0.9473684210526316,0.0526315789473684,97.93
11001007703,23,16,0.6956521739130435,0.3043478260869565,98.7
11001007707,49,36,0.7346938775510204,0.2653061224489795,98.5
11001007709,40,34,0.85,0.15,96.43
11001007803,42,36,0.8571428571428571,0.1428571428571429,97.28
11001007804,33,30,0.9090909090909092,0.0909090909090909,98.14
11001007806,38,27,0.7105263157894737,0.2894736842105263,96.99
11001007807,15,10,0.6666666666666666,0.3333333333333333,98.3
11001007808,25,18,0.72,0.28,98.31
11001007809,41,35,0.8536585365853658,0.1463414634146341,97.91
11001007901,46,43,0.9347826086956522,0.0652173913043477,74.59
11001007903,22,22,1.0,0.0,71.58
11001008001,43,39,0.9069767441860463,0.0930232558139535,40.8
11001008002,45,42,0.9333333333333332,0.0666666666666666,35.38
11001008100,48,44,0.9166666666666666,0.0833333333333333,24.29
11001008200,27,26,0.9629629629629628,0.037037037037037,22.86
11001008301,29,29,1.0,0.0,30.16
11001008302,23,20,0.8695652173913043,0.1304347826086956,31.06
11001008402,27,23,0.8518518518518519,0.1481481481481481,43.85
11001008410,38,38,1.0,0.0,53.17
11001008701,57,52,0.912280701754386,0.087719298245614,64.89
11001008702,71,67,0.943661971830986,0.0563380281690141,65.03
11001008802,94,77,0.8191489361702128,0.1808510638297872,71.38
11001008803,26,19,0.7307692307692307,0.2692307692307693,69.45
11001008804,53,49,0.9245283018867924,0.0754716981132075,83.82
11001008903,52,47,0.903846153846154,0.0961538461538461,86.32
11001008904,34,29,0.8529411764705882,0.1470588235294118,93.72
11001009000,39,32,0.8205128205128205,0.1794871794871795,94.53
11001009102,50,45,0.9,0.0999999999999999,88.78
11001009201,52,48,0.9230769230769232,0.0769230769230768,56.3
11001009203,40,36,0.9,0.0999999999999999,71.24
11001009204,14,14,1.0,0.0,90.69
11001009301,40,40,1.0,0.0,64.7
11001009302,12,12,1.0,0.0,67.49
11001009400,50,46,0.92,0.0799999999999999,79.29
11001009503,29,27,0.9310344827586208,0.0689655172413793,75.21
11001009504,62,58,0.935483870967742,0.0645161290322581,72.44
11001009505,36,33,0.9166666666666666,0.0833333333333333,89.99
11001009507,58,56,0.9655172413793104,0.0344827586206896,91.87
11001009508,31,30,0.967741935483871,0.032258064516129,87.96
11001009509,34,29,0.8529411764705882,0.1470588235294118,86.91
11001009510,27,23,0.8518518518518519,0.1481481481481481,94.41
11001009602,15,8,0.5333333333333333,0.4666666666666667,98.66
11001009603,23,20,0.8695652173913043,0.1304347826086956,97.81
11001009604,31,28,0.9032258064516128,0.0967741935483871,93.44
11001009700,24,23,0.9583333333333334,0.0416666666666666,99.28
11001009802,12,9,0.75,0.25,99.47
11001009803,17,11,0.6470588235294118,0.3529411764705882,98.89
11001009804,28,20,0.7142857142857143,0.2857142857142857,98.53
11001009807,41,34,0.8292682926829268,0.1707317073170732,98.52
11001009901,47,37,0.7872340425531915,0.2127659574468084,93.36
11001009902,42,33,0.7857142857142857,0.2142857142857143,98.16
11001009903,19,15,0.7894736842105263,0.2105263157894736,97.55
11001009904,20,12,0.6,0.4,97.96
11001009905,33,29,0.8787878787878788,0.1212121212121212,98.35
11001009906,22,18,0.8181818181818182,0.1818181818181817,96.9
11001009907,12,11,0.9166666666666666,0.0833333333333333,98.54
11001010100,18,18,1.0,0.0,46.46
11001010201,10,9,0.9,0.0999999999999999,48.4
11001010202,31,24,0.7741935483870968,0.2258064516129032,46.83
11001010300,65,52,0.8,0.1999999999999999,82.1
11001010400,72,63,0.875,0.125,97.68
11001010500,30,25,0.8333333333333334,0.1666666666666666,61.83
11001010602,61,61,1.0,0.0,43.66
11001010700,16,13,0.8125,0.1875,39.72
11001010800,10,9,0.9,0.0999999999999999,40.69
11001011001,48,38,0.7916666666666666,0.2083333333333333,58.52
11001011002,68,57,0.8382352941176471,0.1617647058823529,35.56
11001011100,57,50,0.8771929824561403,0.1228070175438597,89.06
24009860103,86,79,0.9186046511627908,0.0813953488372093,21.64
24009860200,62,56,0.9032258064516128,0.0967741935483871,23.41
24009860300,45,41,0.9111111111111112,0.0888888888888889,24.47
24009860402,53,49,0.9245283018867924,0.0754716981132075,27.97
24009860403,52,45,0.8653846153846154,0.1346153846153845,28.5
24009860404,106,96,0.9056603773584906,0.0943396226415094,23.85
24009860501,70,64,0.9142857142857144,0.0857142857142857,25.39
24009860502,37,33,0.8918918918918919,0.1081081081081081,17.69
24009860600,75,68,0.9066666666666666,0.0933333333333333,20.88
24009860701,36,28,0.7777777777777778,0.2222222222222222,24.96
24009860702,44,34,0.7727272727272727,0.2272727272727273,40.02
24009860703,32,31,0.96875,0.03125,36.96
24009860801,90,87,0.9666666666666668,0.0333333333333333,24.27
24009860901,58,53,0.913793103448276,0.086206896551724,22.58
24009860902,51,48,0.9411764705882352,0.0588235294117647,39.17
24009861003,96,88,0.9166666666666666,0.0833333333333333,27.21
24009861004,166,154,0.927710843373494,0.072289156626506,30.07
24009861100,72,65,0.9027777777777778,0.0972222222222222,20.02
24017850101,253,220,0.8695652173913043,0.1304347826086956,82.19
24017850102,36,32,0.8888888888888888,0.1111111111111111,62.47
24017850201,88,70,0.7954545454545454,0.2045454545454545,65.74
24017850202,74,66,0.8918918918918919,0.1081081081081081,61.74
24017850300,30,24,0.8,0.1999999999999999,47.44
24017850400,41,33,0.8048780487804879,0.1951219512195121,39.36
24017850500,40,36,0.9,0.0999999999999999,27.35
24017850600,62,53,0.8548387096774194,0.1451612903225806,50.51
24017850706,115,93,0.808695652173913,0.1913043478260869,82.55
24017850708,57,52,0.912280701754386,0.087719298245614,80.44
24017850709,80,70,0.875,0.125,88.81
24017850710,74,69,0.9324324324324323,0.0675675675675675,81.8
24017850711,89,81,0.9101123595505618,0.0898876404494382,87.35
24017850712,161,146,0.906832298136646,0.0931677018633539,70.34
24017850713,145,123,0.8482758620689655,0.1517241379310344,75.71
24017850801,85,74,0.8705882352941177,0.1294117647058823,60.86
24017850802,78,70,0.8974358974358975,0.1025641025641025,77.18
24017850901,85,71,0.8352941176470589,0.1647058823529411,80.87
24017850902,76,75,0.986842105263158,0.0131578947368421,69.11
24017850904,239,207,0.8661087866108786,0.1338912133891213,85.31
24017850905,71,63,0.8873239436619719,0.1126760563380281,77.9
24017850906,68,59,0.8676470588235294,0.1323529411764705,83.49
24017851001,93,81,0.8709677419354839,0.1290322580645161,38.75
24017851003,70,65,0.9285714285714286,0.0714285714285714,31.84
24017851004,300,272,0.9066666666666666,0.0933333333333333,55.64
24017851100,34,27,0.7941176470588235,0.2058823529411765,25.76
24017851200,79,75,0.9493670886075948,0.0506329113924051,25.22
24017851301,57,53,0.9298245614035088,0.0701754385964912,18.59
24017851302,88,85,0.9659090909090908,0.034090909090909,34.76
24017851401,42,39,0.9285714285714286,0.0714285714285714,51.83
24017851402,72,59,0.8194444444444444,0.1805555555555555,34.46
24017851403,36,31,0.8611111111111112,0.1388888888888888,48.13
24017851501,64,53,0.828125,0.171875,81.06
24017851502,257,209,0.8132295719844358,0.1867704280155642,84.33
24033800102,30,26,0.8666666666666667,0.1333333333333333,65.32
24033800105,63,56,0.8888888888888888,0.1111111111111111,83.7
24033800106,123,100,0.8130081300813008,0.1869918699186992,85.07
24033800108,22,18,0.8181818181818182,0.1818181818181817,88.21
24033800109,23,22,0.9565217391304348,0.0434782608695651,85.12
24033800203,44,41,0.9318181818181818,0.0681818181818182,52.08
24033800206,41,36,0.8780487804878049,0.1219512195121951,87.62
24033800209,14,13,0.9285714285714286,0.0714285714285714,92.04
24033800211,102,87,0.8529411764705882,0.1470588235294118,81.95
24033800212,115,101,0.8782608695652174,0.1217391304347825,85.36
24033800213,73,57,0.7808219178082192,0.2191780821917808,84.71
24033800216,59,53,0.8983050847457628,0.1016949152542372,81.4
24033800217,33,30,0.9090909090909092,0.0909090909090909,84.61
24033800218,22,17,0.7727272727272727,0.2272727272727273,87.83
24033800401,44,37,0.8409090909090909,0.159090909090909,51.93
24033800402,70,62,0.8857142857142857,0.1142857142857143,52.99
24033800403,46,42,0.9130434782608696,0.0869565217391304,61.97
24033800408,126,97,0.7698412698412699,0.2301587301587301,87.55
24033800409,78,68,0.8717948717948718,0.1282051282051282,75.49
24033800410,59,52,0.8813559322033898,0.1186440677966101,82.16
24033800411,59,56,0.9491525423728814,0.0508474576271186,85.71
24033800412,29,26,0.896551724137931,0.1034482758620689,91.43
24033800413,37,32,0.8648648648648649,0.1351351351351351,96.21
24033800504,80,71,0.8875,0.1125,47.18
24033800505,38,30,0.7894736842105263,0.2105263157894736,50.09
24033800507,166,128,0.7710843373493976,0.2289156626506023,76.96
24033800511,181,156,0.861878453038674,0.1381215469613259,77.73
24033800513,90,85,0.9444444444444444,0.0555555555555555,70.19
24033800514,122,114,0.9344262295081968,0.0655737704918032,93.12
24033800515,46,43,0.9347826086956522,0.0652173913043477,79.13
24033800516,49,42,0.8571428571428571,0.1428571428571429,82.59
24033800517,45,37,0.8222222222222222,0.1777777777777778,93.76
24033800518,56,41,0.7321428571428571,0.2678571428571429,92.6
24033800519,47,39,0.8297872340425532,0.1702127659574468,82.02
24033800520,20,18,0.9,0.0999999999999999,95.37
24033800521,117,100,0.8547008547008547,0.1452991452991453,97.54
24033800522,34,25,0.7352941176470589,0.2647058823529411,98.05
24033800605,53,44,0.8301886792452831,0.1698113207547169,90.71
24033800606,105,84,0.8,0.1999999999999999,95.23
24033800607,83,69,0.8313253012048193,0.1686746987951807,95.39
24033800608,108,98,0.9074074074074074,0.0925925925925925,96.85
24033800609,54,47,0.8703703703703703,0.1296296296296296,92.45
24033800701,397,332,0.836272040302267,0.163727959697733,95.69
24033800704,66,54,0.8181818181818182,0.1818181818181817,91.58
24033800705,48,38,0.7916666666666666,0.2083333333333333,91.69
24033800706,41,36,0.8780487804878049,0.1219512195121951,94.84
24033800707,48,39,0.8125,0.1875,88.66
24033800800,49,38,0.7755102040816326,0.2244897959183673,53.54
24033800900,25,21,0.84,0.16,54.24
24033801003,337,245,0.7270029673590505,0.2729970326409495,87.67
24033801004,161,141,0.8757763975155279,0.124223602484472,88.47
24033801005,97,75,0.7731958762886598,0.2268041237113401,92.53
24033801006,34,28,0.8235294117647058,0.1764705882352941,93.41
24033801207,47,44,0.9361702127659576,0.0638297872340425,93.2
24033801208,38,31,0.8157894736842105,0.1842105263157895,96.23
24033801209,48,43,0.8958333333333334,0.1041666666666666,96.48
24033801210,58,37,0.6379310344827587,0.3620689655172413,95.3
24033801211,61,52,0.8524590163934426,0.1475409836065574,92.9
24033801212,35,32,0.9142857142857144,0.0857142857142857,94.22
24033801213,44,39,0.8863636363636364,0.1136363636363636,94.73
24033801214,28,25,0.8928571428571429,0.1071428571428571,88.92
24033801215,49,45,0.9183673469387756,0.0816326530612244,94.48
24033801216,29,23,0.7931034482758621,0.2068965517241379,92.56
24033801217,113,101,0.8938053097345132,0.1061946902654867,92.9
24033801302,40,36,0.9,0.0999999999999999,66.06
24033801305,73,57,0.7808219178082192,0.2191780821917808,94.43
24033801307,27,26,0.9629629629629628,0.037037037037037,91.66
24033801308,40,38,0.95,0.05,95.21
24033801309,52,49,0.9423076923076924,0.0576923076923077,82.08
24033801310,142,124,0.8732394366197183,0.1267605633802817,90.08
24033801311,84,75,0.8928571428571429,0.1071428571428571,92.7
24033801312,59,48,0.8135593220338984,0.1864406779661016,92.13
24033801313,42,36,0.8571428571428571,0.1428571428571429,93.4
24033801404,239,205,0.8577405857740585,0.1422594142259414,85.74
24033801405,24,21,0.875,0.125,94.51
24033801406,18,15,0.8333333333333334,0.1666666666666666,95.86
24033801407,70,60,0.8571428571428571,0.1428571428571429,95.98
24033801408,47,37,0.7872340425531915,0.2127659574468084,96.79
24033801409,15,14,0.9333333333333332,0.0666666666666666,95.51
24033801410,33,28,0.8484848484848485,0.1515151515151515,91.42
24033801411,34,31,0.9117647058823528,0.088235294117647,93.87
24033801500,33,31,0.9393939393939394,0.0606060606060605,96.12
24033801600,41,32,0.7804878048780488,0.2195121951219512,98.98
24033801701,36,29,0.8055555555555556,0.1944444444444444,96.4
24033801702,17,14,0.8235294117647058,0.1764705882352941,96.39
24033801704,32,28,0.875,0.125,98.89
24033801707,31,25,0.8064516129032258,0.1935483870967742,97.72
24033801709,40,35,0.875,0.125,97.18
24033801801,16,11,0.6875,0.3125,97.1
24033801802,59,52,0.8813559322033898,0.1186440677966101,97.9
24033801807,28,27,0.9642857142857144,0.0357142857142857,98.62
24033801808,20,15,0.75,0.25,98.48
24033801809,47,42,0.8936170212765957,0.1063829787234043,97.39
24033801901,56,49,0.875,0.125,92.76
24033801904,25,22,0.88,0.12,94.47
24033801905,55,46,0.8363636363636363,0.1636363636363637,93.56
24033801906,29,27,0.9310344827586208,0.0689655172413793,89.71
24033801907,48,38,0.7916666666666666,0.2083333333333333,96.62
24033802001,34,26,0.7647058823529411,0.2352941176470588,97.85
24033802002,35,33,0.9428571428571428,0.0571428571428571,98.49
24033802103,54,40,0.7407407407407407,0.2592592592592593,96.44
24033802104,30,22,0.7333333333333333,0.2666666666666667,95.64
24033802106,29,28,0.9655172413793104,0.0344827586206896,98.25
24033802107,42,33,0.7857142857142857,0.2142857142857143,98.79
24033802201,262,213,0.8129770992366412,0.1870229007633588,93.29
24033802203,42,37,0.8809523809523809,0.119047619047619,96.72
24033802204,63,56,0.8888888888888888,0.1111111111111111,98.5
24033802301,45,38,0.8444444444444444,0.1555555555555555,96.42
24033802404,24,18,0.75,0.25,98.81
24033802405,29,26,0.896551724137931,0.1034482758620689,97.68
24033802406,19,15,0.7894736842105263,0.2105263157894736,97.22
24033802407,18,17,0.9444444444444444,0.0555555555555555,97.67
24033802408,10,7,0.7,0.3,97.93
24033802501,21,18,0.8571428571428571,0.1428571428571429,98.39
24033802502,31,23,0.7419354838709677,0.2580645161290322,98.79
24033802600,34,29,0.8529411764705882,0.1470588235294118,98.34
24033802700,46,42,0.9130434782608696,0.0869565217391304,97.72
24033802803,83,69,0.8313253012048193,0.1686746987951807,97.63
24033802804,61,53,0.8688524590163934,0.1311475409836066,98.66
24033802805,86,73,0.8488372093023255,0.1511627906976744,98.37
24033802901,33,30,0.9090909090909092,0.0909090909090909,97.98
24033803001,48,39,0.8125,0.1875,98.91
24033803002,47,35,0.7446808510638298,0.2553191489361702,99.18
24033803100,34,30,0.8823529411764706,0.1176470588235294,97.51
24033803200,17,17,1.0,0.0,98.5
24033803300,65,52,0.8,0.1999999999999999,97.94
24033803403,90,72,0.8,0.1999999999999999,98.71
24033803508,22,19,0.8636363636363636,0.1363636363636363,97.78
24033803509,24,17,0.7083333333333334,0.2916666666666666,98.04
24033803512,61,50,0.819672131147541,0.180327868852459,97.48
24033803513,76,69,0.9078947368421052,0.0921052631578946,98.71
24033803514,72,60,0.8333333333333334,0.1666666666666666,97.04
24033803516,57,52,0.912280701754386,0.087719298245614,95.27
24033803519,45,41,0.9111111111111112,0.0888888888888889,97.44
24033803520,53,46,0.8679245283018868,0.1320754716981131,94.9
24033803521,91,80,0.8791208791208791,0.1208791208791209,92.43
24033803524,34,29,0.8529411764705882,0.1470588235294118,98.76
24033803526,51,41,0.803921568627451,0.196078431372549,98.4
24033803527,39,34,0.8717948717948718,0.1282051282051282,98.09
24033803528,78,65,0.8333333333333334,0.1666666666666666,97.94
24033803601,40,30,0.75,0.25,99.21
24033803602,13,11,0.8461538461538461,0.1538461538461538,99.32
24033803605,66,54,0.8181818181818182,0.1818181818181817,92.73
24033803606,60,50,0.8333333333333334,0.1666666666666666,90.48
24033803607,51,46,0.9019607843137256,0.0980392156862745,93.0
24033803608,58,54,0.9310344827586208,0.0689655172413793,95.76
24033803610,21,19,0.9047619047619048,0.0952380952380952,93.62
24033803612,17,15,0.8823529411764706,0.1176470588235294,93.43
24033803613,46,39,0.8478260869565217,0.1521739130434782,97.19
24033803700,22,21,0.9545454545454546,0.0454545454545454,91.69
24033803801,11,10,0.9090909090909092,0.0909090909090909,94.88
24033803803,44,35,0.7954545454545454,0.2045454545454545,96.32
24033803900,11,10,0.9090909090909092,0.0909090909090909,96.45
24033804001,14,10,0.7142857142857143,0.2857142857142857,98.16
24033804002,27,14,0.5185185185185185,0.4814814814814815,95.19
24033804101,24,20,0.8333333333333334,0.1666666666666666,83.3
24033804102,30,20,0.6666666666666666,0.3333333333333333,96.4
24033804200,50,47,0.94,0.06,52.01
24033804300,15,12,0.8,0.1999999999999999,96.95
24033804400,20,17,0.85,0.15,91.2
24033804600,36,32,0.8888888888888888,0.1111111111111111,84.17
24033804700,43,38,0.8837209302325582,0.1162790697674418,69.21
24033804900,28,25,0.8928571428571429,0.1071428571428571,94.25
24033805000,27,18,0.6666666666666666,0.3333333333333333,97.26
24033805101,22,20,0.9090909090909092,0.0909090909090909,96.65
24033805201,15,13,0.8666666666666667,0.1333333333333333,98.17
24033805202,13,12,0.9230769230769232,0.0769230769230768,97.62
24033805500,20,14,0.7,0.3,93.84
24033805700,28,23,0.8214285714285714,0.1785714285714286,96.49
24033805801,30,27,0.9,0.0999999999999999,97.28
24033805802,21,18,0.8571428571428571,0.1428571428571429,97.77
24033805904,11,10,0.9090909090909092,0.0909090909090909,89.37
24033805907,53,33,0.6226415094339622,0.3773584905660377,97.13
24033805908,154,144,0.935064935064935,0.0649350649350649,92.84
24033805909,18,9,0.5,0.5,87.58
24033806000,32,29,0.90625,0.09375,88.89
24033806100,30,29,0.9666666666666668,0.0333333333333333,70.29
24033806400,34,33,0.9705882352941176,0.0294117647058823,40.57
24033806501,28,27,0.9642857142857144,0.0357142857142857,87.83
24033806601,21,18,0.8571428571428571,0.1428571428571429,96.84
24033806602,29,26,0.896551724137931,0.1034482758620689,92.16
24033806706,40,32,0.8,0.1999999999999999,83.42
24033806708,31,31,1.0,0.0,56.43
24033806710,53,51,0.9622641509433962,0.0377358490566037,88.64
24033806711,42,38,0.9047619047619048,0.0952380952380952,92.03
24033806712,50,38,0.76,0.24,90.55
24033806714,23,21,0.9130434782608696,0.0869565217391304,92.72
24033806800,45,40,0.8888888888888888,0.1111111111111111,60.87
24033806900,43,40,0.9302325581395348,0.0697674418604651,68.97
24033807000,37,32,0.8648648648648649,0.1351351351351351,59.21
24033807102,31,28,0.9032258064516128,0.0967741935483871,54.51
24033807301,15,14,0.9333333333333332,0.0666666666666666,79.58
24033807304,11,9,0.8181818181818182,0.1818181818181817,84.91
24033807305,17,15,0.8823529411764706,0.1176470588235294,92.56
24033807404,35,28,0.8,0.1999999999999999,81.34
24033807405,51,45,0.8823529411764706,0.1176470588235294,73.7
24033807407,33,26,0.7878787878787878,0.2121212121212121,86.11
24033807408,65,57,0.8769230769230769,0.123076923076923,61.5
24033807409,10,5,0.5,0.5,92.33
24033807410,46,40,0.8695652173913043,0.1304347826086956,70.38
24033807500,83,73,0.8795180722891566,0.1204819277108434,69.59
51013100100,57,54,0.9473684210526316,0.0526315789473684,22.75
51013100200,61,59,0.9672131147540984,0.0327868852459016,21.2
51013100300,72,69,0.9583333333333334,0.0416666666666666,19.78
51013100400,41,39,0.951219512195122,0.048780487804878,19.89
51013100500,41,41,1.0,0.0,23.17
51013100600,35,33,0.9428571428571428,0.0571428571428571,28.07
51013100700,53,51,0.9622641509433962,0.0377358490566037,32.98
51013100800,18,18,1.0,0.0,58.46
51013100900,38,36,0.9473684210526316,0.0526315789473684,29.94
51013101000,26,24,0.9230769230769232,0.0769230769230768,26.03
51013101100,44,44,1.0,0.0,25.81
51013101200,34,31,0.9117647058823528,0.088235294117647,36.9
51013101300,68,66,0.9705882352941176,0.0294117647058823,27.78
51013101401,13,12,0.9230769230769232,0.0769230769230768,40.4
51013101402,34,32,0.9411764705882352,0.0588235294117647,27.66
51013101405,22,22,1.0,0.0,32.4
51013101406,21,20,0.9523809523809524,0.0476190476190476,30.62
51013101407,10,10,1.0,0.0,34.13
51013101409,23,23,1.0,0.0,28.35
51013101501,31,29,0.935483870967742,0.0645161290322581,37.37
51013101502,15,13,0.8666666666666667,0.1333333333333333,28.81
51013101503,10,10,1.0,0.0,22.25
51013101601,12,12,1.0,0.0,32.97
51013101602,27,26,0.9629629629629628,0.037037037037037,44.8
51013101603,59,57,0.9661016949152542,0.0338983050847457,34.29
51013101701,26,26,1.0,0.0,39.88
51013101703,26,24,0.9230769230769232,0.0769230769230768,38.82
51013101704,26,20,0.7692307692307693,0.2307692307692307,53.12
51013101705,31,29,0.935483870967742,0.0645161290322581,42.75
51013101801,37,37,1.0,0.0,26.89
51013101803,35,35,1.0,0.0,35.49
51013101804,10,10,1.0,0.0,52.51
51013101805,17,17,1.0,0.0,26.94
51013101900,23,23,1.0,0.0,22.87
51013102001,20,20,1.0,0.0,56.42
51013102003,27,27,1.0,0.0,62.99
51013102100,19,18,0.9473684210526316,0.0526315789473684,41.94
51013102200,49,44,0.8979591836734694,0.1020408163265306,84.76
51013102301,27,25,0.925925925925926,0.074074074074074,40.25
51013102302,35,34,0.9714285714285714,0.0285714285714285,55.78
51013102400,26,25,0.9615384615384616,0.0384615384615384,41.77
51013102500,19,17,0.8947368421052632,0.1052631578947368,52.5
51013102600,21,21,1.0,0.0,60.17
51013102702,24,23,0.9583333333333334,0.0416666666666666,58.42
51013102803,56,54,0.9642857142857144,0.0357142857142857,64.99
51013102804,25,23,0.92,0.0799999999999999,72.26
51013102901,68,68,1.0,0.0,25.41
51013102903,49,47,0.9591836734693876,0.0408163265306122,24.49
51013102904,15,14,0.9333333333333332,0.0666666666666666,54.02
51013103000,71,70,0.9859154929577464,0.0140845070422535,20.44
51013103100,45,42,0.9333333333333332,0.0666666666666666,70.24
51013103200,48,43,0.8958333333333334,0.1041666666666666,50.91
51013103300,22,21,0.9545454545454546,0.0454545454545454,65.21
51013103403,21,20,0.9523809523809524,0.0476190476190476,48.04
51013103501,46,43,0.9347826086956522,0.0652173913043477,47.84
51013103601,34,32,0.9411764705882352,0.0588235294117647,28.71
51013103700,30,28,0.9333333333333332,0.0666666666666666,23.53
51013103800,28,26,0.9285714285714286,0.0714285714285714,51.77
51043010101,98,94,0.9591836734693876,0.0408163265306122,21.33
51043010102,30,24,0.8,0.1999999999999999,13.74
51043010200,25,23,0.92,0.0799999999999999,18.31
51043010300,32,31,0.96875,0.03125,12.07
51047930101,48,44,0.9166666666666666,0.0833333333333333,25.88
51047930103,59,58,0.9830508474576272,0.0169491525423728,12.8
51047930104,150,144,0.96,0.04,24.7
51047930202,69,64,0.927536231884058,0.072463768115942,21.06
51047930203,81,66,0.8148148148148148,0.1851851851851852,43.48
51047930204,12,11,0.9166666666666666,0.0833333333333333,23.22
51047930300,65,61,0.9384615384615383,0.0615384615384615,56.67
51047930400,85,74,0.8705882352941177,0.1294117647058823,27.01
51047930501,60,58,0.9666666666666668,0.0333333333333333,30.32
51047930502,62,49,0.7903225806451613,0.2096774193548387,46.08
51059415100,45,45,1.0,0.0,39.06
51059415200,80,75,0.9375,0.0625,23.34
51059415300,52,44,0.8461538461538461,0.1538461538461538,46.57
51059415401,87,78,0.896551724137931,0.1034482758620689,76.68
51059415402,44,43,0.9772727272727272,0.0227272727272727,37.77
51059415500,68,66,0.9705882352941176,0.0294117647058823,39.68
51059415600,35,35,1.0,0.0,14.56
51059415700,33,32,0.9696969696969696,0.0303030303030302,15.83
51059415800,62,60,0.967741935483871,0.032258064516129,17.91
51059415900,48,46,0.9583333333333334,0.0416666666666666,27.18
51059416000,52,49,0.9423076923076924,0.0576923076923077,60.08
51059416100,53,49,0.9245283018867924,0.0754716981132075,26.37
51059416300,21,21,1.0,0.0,24.69
51059420100,25,23,0.92,0.0799999999999999,73.6
51059420201,50,47,0.94,0.06,58.01
51059420202,18,17,0.9444444444444444,0.0555555555555555,57.64
51059420203,43,41,0.9534883720930232,0.0465116279069767,45.25
51059420300,65,63,0.9692307692307692,0.0307692307692307,45.57
51059420400,53,50,0.9433962264150944,0.0566037735849056,52.57
51059420501,37,32,0.8648648648648649,0.1351351351351351,35.71
51059420502,31,25,0.8064516129032258,0.1935483870967742,42.97
51059420503,25,20,0.8,0.1999999999999999,67.1
51059420600,41,41,1.0,0.0,59.32
51059420700,48,45,0.9375,0.0625,46.43
51059420800,63,59,0.9365079365079364,0.0634920634920634,51.29
51059421001,41,34,0.8292682926829268,0.1707317073170732,63.19
51059421002,26,25,0.9615384615384616,0.0384615384615384,67.03
51059421101,75,71,0.9466666666666668,0.0533333333333333,55.41
51059421102,31,29,0.935483870967742,0.0645161290322581,53.1
51059421103,79,76,0.9620253164556962,0.0379746835443037,48.88
51059421200,31,27,0.8709677419354839,0.1290322580645161,26.33
51059421300,54,53,0.9814814814814816,0.0185185185185184,45.16
51059421400,34,30,0.8823529411764706,0.1176470588235294,82.33
51059421500,35,30,0.8571428571428571,0.1428571428571429,88.81
51059421600,80,72,0.9,0.0999999999999999,92.31
51059421701,27,24,0.8888888888888888,0.1111111111111111,89.99
51059421702,40,37,0.925,0.0749999999999999,73.03
51059421800,76,66,0.868421052631579,0.131578947368421,79.99
51059422000,27,24,0.8888888888888888,0.1111111111111111,58.56
51059422101,48,46,0.9583333333333334,0.0416666666666666,75.8
51059422102,54,48,0.8888888888888888,0.1111111111111111,80.07
51059422201,30,27,0.9,0.0999999999999999,63.45
51059422202,67,62,0.9253731343283582,0.0746268656716417,77.25
51059422301,40,38,0.95,0.05,53.27
51059422302,105,104,0.9904761904761904,0.0095238095238094,53.01
51059422401,28,28,1.0,0.0,53.45
51059422402,79,74,0.9367088607594936,0.0632911392405063,54.26
51059422403,39,35,0.8974358974358975,0.1025641025641025,41.6
51059430101,41,40,0.975609756097561,0.024390243902439,32.94
51059430102,22,21,0.9545454545454546,0.0454545454545454,52.97
51059430201,38,37,0.9736842105263158,0.0263157894736841,42.57
51059430202,58,56,0.9655172413793104,0.0344827586206896,43.4
51059430203,32,30,0.9375,0.0625,39.16
51059430400,65,61,0.9384615384615383,0.0615384615384615,49.06
51059430500,15,13,0.8666666666666667,0.1333333333333333,53.67
51059430600,29,26,0.896551724137931,0.1034482758620689,84.34
51059430700,36,34,0.9444444444444444,0.0555555555555555,62.98
51059430801,52,50,0.9615384615384616,0.0384615384615384,45.95
51059430802,50,44,0.88,0.12,48.43
51059430901,32,30,0.9375,0.0625,64.54
51059430902,38,35,0.9210526315789472,0.0789473684210526,56.43
51059431001,35,33,0.9428571428571428,0.0571428571428571,57.94
51059431002,15,14,0.9333333333333332,0.0666666666666666,67.78
51059431300,44,40,0.9090909090909092,0.0909090909090909,38.63
51059431400,48,48,1.0,0.0,49.53
51059431500,65,60,0.9230769230769232,0.0769230769230768,40.69
51059431602,47,44,0.9361702127659576,0.0638297872340425,72.61
51059431801,41,36,0.8780487804878049,0.1219512195121951,56.18
51059431802,28,27,0.9642857142857144,0.0357142857142857,49.74
51059431900,35,34,0.9714285714285714,0.0285714285714285,37.28
51059432000,40,40,1.0,0.0,47.89
51059432100,41,37,0.902439024390244,0.097560975609756,38.32
51059432201,25,20,0.8,0.1999999999999999,55.54
51059432202,58,50,0.8620689655172413,0.1379310344827586,40.75
51059432300,43,42,0.9767441860465116,0.0232558139534884,41.51
51059432401,28,27,0.9642857142857144,0.0357142857142857,33.31
51059432402,56,52,0.9285714285714286,0.0714285714285714,38.39
51059432500,52,50,0.9615384615384616,0.0384615384615384,35.41
51059432600,46,46,1.0,0.0,46.23
51059432701,35,31,0.8857142857142857,0.1142857142857143,46.42
51059432702,46,43,0.9347826086956522,0.0652173913043477,64.68
51059432800,23,21,0.9130434782608696,0.0869565217391304,62.79
51059440100,49,48,0.979591836734694,0.0204081632653061,40.88
51059440201,31,28,0.9032258064516128,0.0967741935483871,56.35
51059440202,64,58,0.90625,0.09375,61.51
51059440300,24,24,1.0,0.0,33.38
51059440501,42,38,0.9047619047619048,0.0952380952380952,41.85
51059440505,30,29,0.9666666666666668,0.0333333333333333,41.75
51059440600,24,19,0.7916666666666666,0.2083333333333333,55.0
51059440701,25,24,0.96,0.04,35.44
51059440702,42,41,0.9761904761904762,0.0238095238095238,37.11
51059440800,61,57,0.9344262295081968,0.0655737704918032,40.18
51059450100,39,39,1.0,0.0,61.97
51059450200,27,27,1.0,0.0,69.33
51059450300,54,51,0.9444444444444444,0.0555555555555555,54.72
51059450400,25,21,0.84,0.16,45.12
51059450500,29,26,0.896551724137931,0.1034482758620689,70.38
51059450601,37,35,0.945945945945946,0.054054054054054,50.52
51059450602,129,120,0.9302325581395348,0.0697674418604651,71.77
51059450701,24,23,0.9583333333333334,0.0416666666666666,57.09
51059450702,11,11,1.0,0.0,83.23
51059450800,28,26,0.9285714285714286,0.0714285714285714,62.45
51059450900,14,14,1.0,0.0,41.14
51059451000,27,24,0.8888888888888888,0.1111111111111111,45.11
51059451100,22,20,0.9090909090909092,0.0909090909090909,39.37
51059451200,27,27,1.0,0.0,25.1
51059451300,27,25,0.925925925925926,0.074074074074074,37.54
51059451400,11,10,0.9090909090909092,0.0909090909090909,85.47
51059451501,41,40,0.975609756097561,0.024390243902439,73.5
51059451502,30,28,0.9333333333333332,0.0666666666666666,65.07
51059451602,39,35,0.8974358974358975,0.1025641025641025,60.62
51059451800,19,18,0.9473684210526316,0.0526315789473684,61.55
51059451900,50,49,0.98,0.02,62.88
51059452000,26,23,0.8846153846153846,0.1153846153846154,61.42
51059452101,64,54,0.84375,0.15625,63.9
51059452102,16,11,0.6875,0.3125,65.27
51059452200,49,45,0.9183673469387756,0.0816326530612244,81.12
51059452301,52,43,0.8269230769230769,0.1730769230769231,82.32
51059452302,28,27,0.9642857142857144,0.0357142857142857,89.08
51059452400,49,47,0.9591836734693876,0.0408163265306122,67.42
51059452501,57,48,0.8421052631578947,0.1578947368421053,60.22
51059452502,14,10,0.7142857142857143,0.2857142857142857,84.79
51059452600,68,63,0.9264705882352942,0.0735294117647058,69.92
51059452700,41,37,0.902439024390244,0.097560975609756,74.32
51059452801,54,52,0.9629629629629628,0.037037037037037,61.95
51059452802,40,39,0.975,0.025,51.39
51059460100,39,34,0.8717948717948718,0.1282051282051282,42.78
51059460200,44,42,0.9545454545454546,0.0454545454545454,25.94
51059460300,15,15,1.0,0.0,27.35
51059460400,40,36,0.9,0.0999999999999999,44.29
51059460501,23,22,0.9565217391304348,0.0434782608695651,44.26
51059460503,27,25,0.925925925925926,0.074074074074074,50.61
51059460504,27,25,0.925925925925926,0.074074074074074,48.08
51059460600,35,35,1.0,0.0,35.61
51059460701,24,24,1.0,0.0,49.47
51059460702,71,65,0.9154929577464788,0.0845070422535211,34.16
51059460800,35,33,0.9428571428571428,0.0571428571428571,32.13
51059460900,31,30,0.967741935483871,0.032258064516129,31.51
51059461000,26,26,1.0,0.0,33.87
51059461100,66,63,0.9545454545454546,0.0454545454545454,38.01
51059461201,34,29,0.8529411764705882,0.1470588235294118,29.23
51059461202,80,75,0.9375,0.0625,61.61
51059461500,73,71,0.9726027397260274,0.0273972602739726,46.46
51059461603,43,39,0.9069767441860463,0.0930232558139535,56.21
51059461604,21,20,0.9523809523809524,0.0476190476190476,51.23
51059461605,24,24,1.0,0.0,49.07
51059461606,12,11,0.9166666666666666,0.0833333333333333,68.46
51059461700,72,67,0.9305555555555556,0.0694444444444444,65.43
51059461801,24,23,0.9583333333333334,0.0416666666666666,54.37
51059461802,56,50,0.8928571428571429,0.1071428571428571,52.06
51059461901,32,25,0.78125,0.21875,65.87
51059470100,23,20,0.8695652173913043,0.1304347826086956,32.65
51059470300,43,42,0.9767441860465116,0.0232558139534884,25.16
51059470400,54,50,0.925925925925926,0.074074074074074,29.05
51059470500,75,67,0.8933333333333333,0.1066666666666666,36.26
51059470600,24,23,0.9583333333333334,0.0416666666666666,36.75
51059470700,53,52,0.981132075471698,0.0188679245283018,39.49
51059470800,47,45,0.9574468085106383,0.0425531914893616,42.06
51059470900,71,66,0.9295774647887324,0.0704225352112676,32.07
51059471000,21,19,0.9047619047619048,0.0952380952380952,40.94
51059471100,53,52,0.981132075471698,0.0188679245283018,50.55
51059471201,41,32,0.7804878048780488,0.2195121951219512,59.87
51059471203,23,22,0.9565217391304348,0.0434782608695651,52.48
51059471204,80,68,0.85,0.15,59.4
51059471301,15,15,1.0,0.0,69.09
51059471303,47,46,0.9787234042553192,0.0212765957446808,52.47
51059471304,30,28,0.9333333333333332,0.0666666666666666,32.95
51059471401,45,41,0.9111111111111112,0.0888888888888889,52.49
51059471402,23,22,0.9565217391304348,0.0434782608695651,62.59
51059480100,56,46,0.8214285714285714,0.1785714285714286,25.1
51059480201,53,49,0.9245283018867924,0.0754716981132075,37.41
51059480203,24,23,0.9583333333333334,0.0416666666666666,44.94
51059480204,32,25,0.78125,0.21875,53.94
51059480205,52,46,0.8846153846153846,0.1153846153846154,52.29
51059480301,26,21,0.8076923076923077,0.1923076923076923,39.71
51059480302,75,66,0.88,0.12,39.67
51059480401,42,38,0.9047619047619048,0.0952380952380952,36.55
51059480402,70,63,0.9,0.0999999999999999,36.28
51059480501,30,27,0.9,0.0999999999999999,36.84
51059480502,51,50,0.9803921568627452,0.0196078431372549,33.98
51059480503,43,40,0.9302325581395348,0.0697674418604651,34.73
51059480504,27,26,0.9629629629629628,0.037037037037037,25.68
51059480505,29,28,0.9655172413793104,0.0344827586206896,31.75
51059480801,58,54,0.9310344827586208,0.0689655172413793,61.97
51059480802,39,39,1.0,0.0,55.98
51059480901,58,54,0.9310344827586208,0.0689655172413793,72.99
51059480902,33,33,1.0,0.0,64.97
51059480903,38,35,0.9210526315789472,0.0789473684210526,78.5
51059481000,40,36,0.9,0.0999999999999999,82.25
51059481101,82,72,0.8780487804878049,0.1219512195121951,70.58
51059481102,14,12,0.8571428571428571,0.1428571428571429,74.12
51059481103,24,21,0.875,0.125,86.19
51059481104,11,11,1.0,0.0,79.04
51059481105,41,36,0.8780487804878049,0.1219512195121951,52.76
51059481106,53,47,0.8867924528301887,0.1132075471698113,36.72
51059481201,24,21,0.875,0.125,42.39
51059481202,57,57,1.0,0.0,69.53
51059481400,86,84,0.9767441860465116,0.0232558139534884,33.4
51059481500,26,25,0.9615384615384616,0.0384615384615384,24.07
51059481600,34,28,0.8235294117647058,0.1764705882352941,25.52
51059481701,59,54,0.9152542372881356,0.0847457627118644,29.07
51059481702,75,74,0.9866666666666668,0.0133333333333333,52.98
51059481900,107,104,0.97196261682243,0.02803738317757,40.65
51059482001,76,68,0.8947368421052632,0.1052631578947368,30.8
51059482002,59,55,0.9322033898305084,0.0677966101694915,25.84
51059482100,52,49,0.9423076923076924,0.0576923076923077,42.88
51059482201,15,14,0.9333333333333332,0.0666666666666666,57.96
51059482203,82,78,0.951219512195122,0.048780487804878,29.73
51059482204,42,42,1.0,0.0,31.09
51059482206,22,20,0.9090909090909092,0.0909090909090909,42.55
51059482301,75,74,0.9866666666666668,0.0133333333333333,32.37
51059482302,53,51,0.9622641509433962,0.0377358490566037,70.05
51059482303,66,60,0.9090909090909092,0.0909090909090909,26.71
51059482400,16,16,1.0,0.0,26.88
51059482502,22,21,0.9545454545454546,0.0454545454545454,41.65
51059482503,42,41,0.9761904761904762,0.0238095238095238,49.01
51059482504,37,35,0.945945945945946,0.054054054054054,40.46
51059482505,136,114,0.8382352941176471,0.1617647058823529,68.25
51059482506,98,90,0.9183673469387756,0.0816326530612244,69.78
51059482507,13,11,0.8461538461538461,0.1538461538461538,75.03
51059482601,86,74,0.8604651162790697,0.1395348837209302,53.9
51059482603,45,40,0.8888888888888888,0.1111111111111111,52.47
51059482604,28,27,0.9642857142857144,0.0357142857142857,63.75
51059490101,114,101,0.8859649122807017,0.1140350877192982,45.5
51059490104,46,32,0.6956521739130435,0.3043478260869565,61.33
51059490105,86,79,0.9186046511627908,0.0813953488372093,44.51
51059490501,22,21,0.9545454545454546,0.0454545454545454,60.43
51059490502,57,53,0.9298245614035088,0.0701754385964912,44.92
51059491000,17,16,0.9411764705882352,0.0588235294117647,36.31
51059491101,42,42,1.0,0.0,34.1
51059491102,24,23,0.9583333333333334,0.0416666666666666,37.58
51059491103,66,64,0.9696969696969696,0.0303030303030302,65.38
51059491201,58,53,0.913793103448276,0.086206896551724,64.04
51059491301,58,54,0.9310344827586208,0.0689655172413793,63.57
51059491302,17,17,1.0,0.0,57.18
51059491303,62,57,0.9193548387096774,0.0806451612903226,77.44
51059491401,40,37,0.925,0.0749999999999999,63.34
51059491402,50,45,0.9,0.0999999999999999,65.02
51059491403,21,20,0.9523809523809524,0.0476190476190476,32.36
51059491404,39,37,0.9487179487179488,0.0512820512820513,57.96
51059491405,17,16,0.9411764705882352,0.0588235294117647,34.23
51059491501,48,45,0.9375,0.0625,77.17
51059491502,82,78,0.951219512195122,0.048780487804878,51.28
51059491601,33,32,0.9696969696969696,0.0303030303030302,74.3
51059491602,33,30,0.9090909090909092,0.0909090909090909,65.35
51059491701,96,93,0.96875,0.03125,53.45
51059491704,31,29,0.935483870967742,0.0645161290322581,61.28
51059491705,26,22,0.8461538461538461,0.1538461538461538,70.37
51059491707,29,27,0.9310344827586208,0.0689655172413793,57.9
51059491801,31,28,0.9032258064516128,0.0967741935483871,57.27
51059491802,35,32,0.9142857142857144,0.0857142857142857,48.54
51059491803,53,48,0.9056603773584906,0.0943396226415094,50.14
51059492000,72,66,0.9166666666666666,0.0833333333333333,28.96
51059492100,69,65,0.9420289855072465,0.0579710144927536,24.67
51059492201,26,24,0.9230769230769232,0.0769230769230768,34.32
51059492202,68,66,0.9705882352941176,0.0294117647058823,35.28
51059492203,33,32,0.9696969696969696,0.0303030303030302,35.3
51059492300,35,32,0.9142857142857144,0.0857142857142857,50.32
51059492400,73,66,0.9041095890410958,0.0958904109589041,57.77
51059492500,45,45,1.0,0.0,22.98
51061930101,42,32,0.7619047619047619,0.2380952380952381,34.38
51061930102,12,10,0.8333333333333334,0.1666666666666666,20.92
51061930203,33,28,0.8484848484848485,0.1515151515151515,19.72
51061930204,47,42,0.8936170212765957,0.1063829787234043,14.56
51061930205,18,17,0.9444444444444444,0.0555555555555555,16.4
51061930206,25,25,1.0,0.0,17.25
51061930207,13,12,0.9230769230769232,0.0769230769230768,23.07
51061930303,62,59,0.9516129032258064,0.0483870967741935,20.62
51061930304,51,47,0.9215686274509804,0.0784313725490196,13.42
51061930305,64,62,0.96875,0.03125,26.88
51061930306,24,23,0.9583333333333334,0.0416666666666666,24.1
51061930401,67,64,0.9552238805970148,0.044776119402985,20.75
51061930402,109,96,0.8807339449541285,0.1192660550458715,17.79
51061930404,13,13,1.0,0.0,24.11
51061930405,116,103,0.8879310344827587,0.1120689655172413,29.1
51061930703,30,26,0.8666666666666667,0.1333333333333333,16.17
51061930704,47,42,0.8936170212765957,0.1063829787234043,21.66
51061930705,46,41,0.8913043478260869,0.108695652173913,33.43
51061930706,81,70,0.8641975308641975,0.1358024691358025,42.91
51061930707,69,61,0.8840579710144928,0.1159420289855072,34.6
51107610101,77,70,0.9090909090909092,0.0909090909090909,19.41
51107610102,52,49,0.9423076923076924,0.0576923076923077,17.72
51107610201,72,69,0.9583333333333334,0.0416666666666666,19.41
51107610202,59,54,0.9152542372881356,0.0847457627118644,20.31
51107610300,93,84,0.9032258064516128,0.0967741935483871,26.27
51107610400,47,45,0.9574468085106383,0.0425531914893616,20.89
51107610503,105,94,0.8952380952380953,0.1047619047619047,42.16
51107610504,64,59,0.921875,0.078125,41.06
51107610505,44,36,0.8181818181818182,0.1818181818181817,80.27
51107610506,107,100,0.9345794392523364,0.0654205607476635,59.3
51107610507,71,70,0.9859154929577464,0.0140845070422535,31.27
51107610601,95,89,0.936842105263158,0.063157894736842,27.42
51107610602,60,51,0.85,0.15,32.88
51107610603,67,62,0.9253731343283582,0.0746268656716417,48.87
51107610604,126,113,0.8968253968253969,0.1031746031746031,34.26
51107610701,62,62,1.0,0.0,20.25
51107610702,66,63,0.9545454545454546,0.0454545454545454,23.72
51107610703,41,37,0.902439024390244,0.097560975609756,22.48
51107610800,100,85,0.85,0.15,16.34
51107610900,33,27,0.8181818181818182,0.1818181818181817,25.5
51107611002,27,26,0.9629629629629628,0.037037037037037,55.28
51107611004,103,99,0.9611650485436892,0.0388349514563106,40.92
51107611005,78,74,0.9487179487179488,0.0512820512820513,39.26
51107611006,64,60,0.9375,0.0625,49.56
51107611009,66,63,0.9545454545454546,0.0454545454545454,39.52
51107611010,29,28,0.9655172413793104,0.0344827586206896,17.58
51107611011,29,28,0.9655172413793104,0.0344827586206896,47.12
51107611012,35,34,0.9714285714285714,0.0285714285714285,46.04
51107611013,52,49,0.9423076923076924,0.0576923076923077,47.3
51107611014,69,66,0.9565217391304348,0.0434782608695651,41.01
51107611015,96,90,0.9375,0.0625,50.52
51107611016,59,57,0.9661016949152542,0.0338983050847457,33.99
51107611017,27,26,0.9629629629629628,0.037037037037037,41.8
51107611018,26,25,0.9615384615384616,0.0384615384615384,44.43
51107611019,63,59,0.9365079365079364,0.0634920634920634,38.64
51107611020,79,70,0.8860759493670886,0.1139240506329114,57.76
51107611022,109,103,0.944954128440367,0.055045871559633,51.45
51107611023,103,93,0.9029126213592232,0.0970873786407766,34.67
51107611026,319,300,0.9404388714733544,0.0595611285266457,63.79
51107611027,44,41,0.9318181818181818,0.0681818181818182,51.96
51107611028,55,54,0.9818181818181818,0.0181818181818181,54.7
51107611029,299,243,0.8127090301003345,0.1872909698996655,35.66
51107611030,66,56,0.8484848484848485,0.1515151515151515,65.27
51107611031,125,113,0.904,0.0959999999999999,57.92
51107611032,15,13,0.8666666666666667,0.1333333333333333,70.01
51107611101,36,33,0.9166666666666666,0.0833333333333333,49.75
51107611102,113,100,0.8849557522123894,0.1150442477876105,37.57
51107611202,38,37,0.9736842105263158,0.0263157894736841,34.04
51107611204,56,52,0.9285714285714286,0.0714285714285714,61.6
51107611205,62,51,0.8225806451612904,0.1774193548387096,66.68
51107611206,46,41,0.8913043478260869,0.108695652173913,42.64
51107611207,46,38,0.8260869565217391,0.1739130434782608,45.11
51107611208,33,31,0.9393939393939394,0.0606060606060605,36.77
51107611209,69,63,0.9130434782608696,0.0869565217391304,35.82
51107611300,49,46,0.9387755102040816,0.0612244897959183,70.34
51107611400,70,63,0.9,0.0999999999999999,72.9
51107611501,96,83,0.8645833333333334,0.1354166666666666,68.2
51107611502,141,131,0.9290780141843972,0.0709219858156028,67.83
51107611601,52,49,0.9423076923076924,0.0576923076923077,62.64
51107611602,36,32,0.8888888888888888,0.1111111111111111,80.31
51107611701,60,52,0.8666666666666667,0.1333333333333333,64.62
51107611702,28,26,0.9285714285714286,0.0714285714285714,76.47
51107611803,60,55,0.9166666666666666,0.0833333333333333,59.71
51107611804,65,62,0.953846153846154,0.0461538461538461,63.52
51107611805,38,37,0.9736842105263158,0.0263157894736841,40.56
51107611807,78,74,0.9487179487179488,0.0512820512820513,67.23
51107611808,45,43,0.9555555555555556,0.0444444444444444,62.49
51107611809,92,83,0.9021739130434784,0.0978260869565217,66.22
51107611810,215,186,0.8651162790697674,0.1348837209302326,53.23
51107611811,93,88,0.946236559139785,0.053763440860215,58.85
51107611812,142,121,0.852112676056338,0.147887323943662,71.64
51107611813,188,162,0.8617021276595744,0.1382978723404255,61.5
51107611901,70,65,0.9285714285714286,0.0714285714285714,76.61
51107611902,69,61,0.8840579710144928,0.1159420289855072,65.9
51113930101,26,24,0.9230769230769232,0.0769230769230768,16.06
51113930102,59,53,0.8983050847457628,0.1016949152542372,18.59
51113930201,35,25,0.7142857142857143,0.2857142857142857,17.87
51113930202,35,32,0.9142857142857144,0.0857142857142857,12.29
51153900100,89,82,0.9213483146067416,0.0786516853932584,49.53
51153900201,26,23,0.8846153846153846,0.1153846153846154,74.06
51153900202,51,46,0.9019607843137256,0.0980392156862745,79.77
51153900301,60,52,0.8666666666666667,0.1333333333333333,54.26
51153900302,37,31,0.8378378378378378,0.1621621621621621,75.21
51153900403,114,100,0.8771929824561403,0.1228070175438597,78.9
51153900404,71,59,0.8309859154929577,0.1690140845070422,80.24
51153900407,77,62,0.8051948051948052,0.1948051948051947,83.52
51153900408,56,44,0.7857142857142857,0.2142857142857143,75.49
51153900409,62,51,0.8225806451612904,0.1774193548387096,81.28
51153900410,61,60,0.9836065573770492,0.0163934426229508,86.72
51153900502,88,79,0.8977272727272727,0.1022727272727272,73.28
51153900503,21,17,0.8095238095238095,0.1904761904761904,81.15
51153900504,21,16,0.7619047619047619,0.2380952380952381,85.63
51153900601,49,37,0.7551020408163265,0.2448979591836735,81.59
51153900602,12,9,0.75,0.25,88.46
51153900701,81,68,0.8395061728395061,0.1604938271604938,82.65
51153900702,99,89,0.898989898989899,0.101010101010101,77.34
51153900801,111,103,0.927927927927928,0.0720720720720721,70.93
51153900803,51,45,0.8823529411764706,0.1176470588235294,86.75
51153900804,167,145,0.8682634730538922,0.1317365269461078,75.16
51153900901,91,81,0.8901098901098901,0.1098901098901099,85.48
51153900904,310,289,0.932258064516129,0.0677419354838709,78.04
51153900905,58,51,0.8793103448275862,0.1206896551724138,74.06
51153901005,66,64,0.9696969696969696,0.0303030303030302,51.05
51153901009,67,64,0.9552238805970148,0.044776119402985,45.17
51153901010,64,58,0.90625,0.09375,46.11
51153901011,88,81,0.9204545454545454,0.0795454545454545,62.11
51153901012,47,46,0.9787234042553192,0.0212765957446808,45.77
51153901013,66,47,0.7121212121212122,0.2878787878787878,81.11
51153901014,50,44,0.88,0.12,63.16
51153901015,34,30,0.8823529411764706,0.1176470588235294,88.11
51153901016,43,36,0.8372093023255814,0.1627906976744185,85.07
51153901203,48,44,0.9166666666666666,0.0833333333333333,75.75
51153901208,35,33,0.9428571428571428,0.0571428571428571,48.97
51153901209,58,56,0.9655172413793104,0.0344827586206896,65.19
51153901211,54,49,0.9074074074074074,0.0925925925925925,78.51
51153901212,82,72,0.8780487804878049,0.1219512195121951,78.44
51153901219,67,63,0.9402985074626866,0.0597014925373133,31.42
51153901221,81,73,0.9012345679012346,0.0987654320987654,56.52
51153901222,28,28,1.0,0.0,46.61
51153901223,77,72,0.935064935064935,0.0649350649350649,56.87
51153901224,46,44,0.9565217391304348,0.0434782608695651,50.66
51153901225,35,31,0.8857142857142857,0.1142857142857143,66.34
51153901226,53,51,0.9622641509433962,0.0377358490566037,74.41
51153901227,58,54,0.9310344827586208,0.0689655172413793,76.43
51153901228,77,71,0.922077922077922,0.0779220779220779,69.05
51153901229,37,35,0.945945945945946,0.054054054054054,71.75
51153901230,64,59,0.921875,0.078125,69.65
51153901231,72,68,0.9444444444444444,0.0555555555555555,43.52
51153901232,155,142,0.9161290322580644,0.0838709677419354,48.67
51153901233,74,64,0.8648648648648649,0.1351351351351351,37.84
51153901234,30,25,0.8333333333333334,0.1666666666666666,41.0
51153901235,41,39,0.951219512195122,0.048780487804878,49.85
51153901236,55,52,0.9454545454545454,0.0545454545454545,58.24
51153901237,44,42,0.9545454545454546,0.0454545454545454,61.76
51153901303,51,50,0.9803921568627452,0.0196078431372549,46.78
51153901304,34,28,0.8235294117647058,0.1764705882352941,29.9
51153901305,54,51,0.9444444444444444,0.0555555555555555,23.59
51153901306,66,64,0.9696969696969696,0.0303030303030302,26.85
51153901403,43,39,0.9069767441860463,0.0930232558139535,69.94
51153901407,48,44,0.9166666666666666,0.0833333333333333,77.3
51153901409,120,111,0.925,0.0749999999999999,53.75
51153901411,63,58,0.9206349206349206,0.0793650793650794,42.44
51153901412,69,62,0.8985507246376812,0.1014492753623188,48.08
51153901413,57,55,0.9649122807017544,0.0350877192982456,42.72
51153901414,47,42,0.8936170212765957,0.1063829787234043,41.31
51153901415,43,43,1.0,0.0,40.53
51153901416,44,42,0.9545454545454546,0.0454545454545454,44.42
51153901417,56,53,0.9464285714285714,0.0535714285714286,31.05
51153901418,37,34,0.918918918918919,0.081081081081081,72.52
51153901419,16,14,0.875,0.125,83.72
51153901420,56,51,0.9107142857142856,0.0892857142857143,48.59
51153901421,45,41,0.9111111111111112,0.0888888888888889,51.49
51153901503,86,80,0.9302325581395348,0.0697674418604651,24.39
51153901504,77,77,1.0,0.0,21.77
51153901505,105,95,0.9047619047619048,0.0952380952380952,40.34
51153901506,63,58,0.9206349206349206,0.0793650793650794,54.28
51153901507,106,98,0.9245283018867924,0.0754716981132075,44.39
51153901508,89,84,0.9438202247191012,0.0561797752808989,56.38
51153901509,172,157,0.9127906976744186,0.0872093023255814,29.1
51153901510,84,81,0.9642857142857144,0.0357142857142857,40.39
51153901511,54,48,0.8888888888888888,0.1111111111111111,26.97
51153901601,33,32,0.9696969696969696,0.0303030303030302,71.38
51153901602,92,87,0.9456521739130436,0.0543478260869565,70.75
51153901702,20,19,0.95,0.05,76.43
51153901703,34,31,0.9117647058823528,0.088235294117647,68.28
51153901704,39,33,0.8461538461538461,0.1538461538461538,82.44
51153901900,52,47,0.903846153846154,0.0961538461538461,75.43
51157950100,27,24,0.8888888888888888,0.1111111111111111,12.35
51157950200,64,56,0.875,0.125,12.28
51177020104,60,49,0.8166666666666667,0.1833333333333333,29.48
51177020105,36,32,0.8888888888888888,0.1111111111111111,19.15
51177020106,128,118,0.921875,0.078125,30.12
51177020107,35,25,0.7142857142857143,0.2857142857142857,39.15
51177020108,70,66,0.9428571428571428,0.0571428571428571,49.16
51177020109,38,33,0.868421052631579,0.131578947368421,39.17
51177020110,51,39,0.7647058823529411,0.2352941176470588,47.2
51177020111,33,29,0.8787878787878788,0.1212121212121212,44.7
51177020112,31,29,0.935483870967742,0.0645161290322581,40.49
51177020113,55,49,0.8909090909090909,0.1090909090909091,34.35
51177020114,77,72,0.935064935064935,0.0649350649350649,48.79
51177020201,138,126,0.9130434782608696,0.0869565217391304,46.28
51177020202,79,76,0.9620253164556962,0.0379746835443037,44.17
51177020203,102,87,0.8529411764705882,0.1470588235294118,49.28
51177020204,80,74,0.925,0.0749999999999999,39.76
51177020206,104,90,0.8653846153846154,0.1346153846153845,37.88
51177020207,24,19,0.7916666666666666,0.2083333333333333,43.37
51177020304,70,61,0.8714285714285714,0.1285714285714285,36.75
51177020305,47,39,0.8297872340425532,0.1702127659574468,48.03
51177020307,43,39,0.9069767441860463,0.0930232558139535,51.02
51177020308,58,52,0.896551724137931,0.1034482758620689,38.76
51177020309,38,36,0.9473684210526316,0.0526315789473684,37.99
51177020311,115,97,0.8434782608695652,0.1565217391304347,30.5
51177020312,76,72,0.9473684210526316,0.0526315789473684,52.91
51177020314,44,40,0.9090909090909092,0.0909090909090909,53.19
51177020316,173,138,0.7976878612716763,0.2023121387283236,36.28
51177020403,46,38,0.8260869565217391,0.1739130434782608,21.88
51177020404,86,68,0.7906976744186046,0.2093023255813954,18.98
51177020405,111,106,0.954954954954955,0.045045045045045,15.58
51177020406,81,67,0.8271604938271605,0.1728395061728395,19.75
51177020407,149,129,0.8657718120805369,0.1342281879194631,22.95
51177020408,56,53,0.9464285714285714,0.0535714285714286,28.84
51179010103,89,68,0.7640449438202247,0.2359550561797753,52.04
51179010105,110,98,0.8909090909090909,0.1090909090909091,53.25
51179010106,163,133,0.8159509202453987,0.1840490797546012,35.39
51179010107,73,64,0.8767123287671232,0.1232876712328767,36.66
51179010108,84,76,0.9047619047619048,0.0952380952380952,55.34
51179010202,111,95,0.8558558558558559,0.1441441441441441,28.21
51179010205,88,83,0.9431818181818182,0.0568181818181817,44.83
51179010206,69,66,0.9565217391304348,0.0434782608695651,57.03
51179010210,274,246,0.8978102189781022,0.1021897810218978,59.34
51179010211,54,45,0.8333333333333334,0.1666666666666666,56.53
51179010212,76,71,0.9342105263157896,0.0657894736842105,54.27
51179010213,78,70,0.8974358974358975,0.1025641025641025,45.91
51179010214,42,39,0.9285714285714286,0.0714285714285714,54.82
51179010215,12,9,0.75,0.25,70.91
51179010216,130,100,0.7692307692307693,0.2307692307692307,72.73
51179010217,50,44,0.88,0.12,33.21
51179010218,89,73,0.8202247191011236,0.1797752808988764,50.0
51179010219,16,15,0.9375,0.0625,49.18
51179010301,64,60,0.9375,0.0625,25.61
51179010304,96,90,0.9375,0.0625,48.34
51179010305,115,101,0.8782608695652174,0.1217391304347825,47.78
51179010306,162,121,0.7469135802469136,0.2530864197530864,63.97
51179010307,103,95,0.9223300970873788,0.0776699029126213,41.35
51179010308,56,47,0.8392857142857143,0.1607142857142857,24.9
51179010403,61,52,0.8524590163934426,0.1475409836065574,35.57
51179010404,110,103,0.9363636363636364,0.0636363636363636,37.85
51179010405,93,81,0.8709677419354839,0.1290322580645161,28.57
51179010406,48,43,0.8958333333333334,0.1041666666666666,37.22
51179010502,62,52,0.8387096774193549,0.1612903225806451,21.32
51179010503,68,57,0.8382352941176471,0.1617647058823529,19.17
51179010504,37,32,0.8648648648648649,0.1351351351351351,25.37
51187020101,90,84,0.9333333333333332,0.0666666666666666,16.43
51187020102,85,78,0.9176470588235294,0.0823529411764706,14.16
51187020200,47,45,0.9574468085106383,0.0425531914893616,15.76
51187020300,82,75,0.9146341463414634,0.0853658536585365,11.3
51187020400,84,76,0.9047619047619048,0.0952380952380952,23.81
51187020500,37,37,1.0,0.0,27.14
51187020601,79,68,0.8607594936708861,0.1392405063291139,17.44
51187020602,31,29,0.935483870967742,0.0645161290322581,16.85
51187020700,46,42,0.9130434782608696,0.0869565217391304,10.61
51510200102,14,14,1.0,0.0,76.62
51510200106,16,16,1.0,0.0,54.33
51510200108,22,19,0.8636363636363636,0.1363636363636363,73.13
51510200109,65,59,0.9076923076923076,0.0923076923076923,79.82
51510200110,58,56,0.9655172413793104,0.0344827586206896,51.8
51510200111,33,33,1.0,0.0,59.68
51510200201,28,28,1.0,0.0,42.94
51510200202,22,19,0.8636363636363636,0.1363636363636363,20.02
51510200301,27,26,0.9629629629629628,0.037037037037037,64.72
51510200302,28,24,0.8571428571428571,0.1428571428571429,61.32
51510200304,23,22,0.9565217391304348,0.0434782608695651,68.85
51510200305,43,36,0.8372093023255814,0.1627906976744185,68.47
51510200403,22,20,0.9090909090909092,0.0909090909090909,55.32
51510200404,88,85,0.9659090909090908,0.034090909090909,33.05
51510200406,43,38,0.8837209302325582,0.1162790697674418,77.85
51510200407,92,85,0.9239130434782608,0.0760869565217391,58.07
51510200409,55,52,0.9454545454545454,0.0545454545454545,70.81
51510200500,11,11,1.0,0.0,67.01
51510200600,69,65,0.9420289855072465,0.0579710144927536,61.55
51510200703,41,41,1.0,0.0,36.83
51510200705,37,36,0.972972972972973,0.0270270270270269,26.72
51510200801,23,23,1.0,0.0,27.62
51510200802,52,47,0.903846153846154,0.0961538461538461,48.31
51510200900,60,60,1.0,0.0,18.55
51510201000,90,86,0.9555555555555556,0.0444444444444444,23.84
51510201100,34,33,0.9705882352941176,0.0294117647058823,31.73
51510201202,31,28,0.9032258064516128,0.0967741935483871,33.54
51510201204,48,46,0.9583333333333334,0.0416666666666666,47.67
51510201206,15,14,0.9333333333333332,0.0666666666666666,86.06
51510201300,69,68,0.9855072463768116,0.0144927536231883,23.65
51510201400,52,49,0.9423076923076924,0.0576923076923077,26.09
51510201500,54,53,0.9814814814814816,0.0185185185185184,21.17
51510201601,65,63,0.9692307692307692,0.0307692307692307,33.49
51510201602,17,17,1.0,0.0,44.47
51510201802,29,26,0.896551724137931,0.1034482758620689,30.95
51510201803,55,53,0.9636363636363636,0.0363636363636363,25.99
51510201804,142,125,0.8802816901408451,0.1197183098591548,42.32
51510201805,183,174,0.9508196721311476,0.0491803278688525,28.41
51510201900,37,36,0.972972972972973,0.0270270270270269,21.58
51510202001,51,49,0.9607843137254902,0.0392156862745097,11.6
51510202002,39,35,0.8974358974358975,0.1025641025641025,22.84
51600300100,100,94,0.94,0.06,50.97
51600300200,45,40,0.8888888888888888,0.1111111111111111,41.96
51600300300,121,112,0.9256198347107438,0.0743801652892561,48.7
51600300400,55,51,0.9272727272727272,0.0727272727272727,51.32
51600300500,36,33,0.9166666666666666,0.0833333333333333,37.36
51610500100,41,38,0.926829268292683,0.073170731707317,24.85
51610500200,62,57,0.9193548387096774,0.0806451612903226,35.21
51610500300,29,28,0.9655172413793104,0.0344827586206896,33.13
51630000100,38,31,0.8157894736842105,0.1842105263157895,15.75
51630000201,14,13,0.9285714285714286,0.0714285714285714,48.04
51630000202,23,20,0.8695652173913043,0.1304347826086956,27.28
51630000302,135,114,0.8444444444444444,0.1555555555555555,41.89
51630000400,64,61,0.953125,0.046875,54.71
51630000500,83,74,0.891566265060241,0.108433734939759,60.7
51683910100,56,53,0.9464285714285714,0.0535714285714286,57.47
51683910201,48,43,0.8958333333333334,0.1041666666666666,55.39
51683910202,66,60,0.9090909090909092,0.0909090909090909,75.64
51683910301,50,46,0.92,0.0799999999999999,64.69
51683910302,51,49,0.9607843137254902,0.0392156862745097,63.7
51683910401,106,96,0.9056603773584906,0.0943396226415094,81.13
51683910402,107,98,0.9158878504672896,0.0841121495327102,48.89
51685920100,66,55,0.8333333333333334,0.1666666666666666,78.65
51685920201,112,108,0.9642857142857144,0.0357142857142857,76.22
51685920202,97,87,0.8969072164948454,0.1030927835051546,65.34
54037972201,60,56,0.9333333333333332,0.0666666666666666,20.06
54037972203,30,29,0.9666666666666668,0.0333333333333333,16.68
54037972204,30,27,0.9,0.0999999999999999,12.8
54037972300,50,44,0.88,0.12,17.14
54037972401,38,35,0.9210526315789472,0.0789473684210526,37.38
54037972402,134,126,0.9402985074626866,0.0597014925373133,27.82
54037972501,197,188,0.9543147208121828,0.0456852791878172,21.66
54037972503,101,87,0.8613861386138614,0.1386138613861386,28.48
54037972505,157,146,0.929936305732484,0.0700636942675159,30.46
54037972506,199,189,0.949748743718593,0.050251256281407,28.64
54037972601,21,20,0.9523809523809524,0.0476190476190476,13.44
54037972602,84,80,0.9523809523809524,0.0476190476190476,17.7
54037972701,40,33,0.825,0.175,12.67
54037972702,89,81,0.9101123595505618,0.0898876404494382,11.41
54037972800,59,57,0.9661016949152542,0.0338983050847457,14.59
